IdImc;IdMes;Lio;Mio;Sio;SD4nio;SD3nio;SD2nio;SD1nio;SD0io;SD1io;SD2io;SD3io;SD4io;Lia;Mia;Sia;SD4nia;SD3nia;SD2nia;SD1nia;SD0ia;SD1ia;SD2ia;SD3ia;SD4ia;Lpo;Mpo;Spo;Sdpo;SD3npo;SD2npo;SD1npo;SD0po;SD1po;SD2po;SD3po;Lpa;Mpa;Spa;Sdpa;SD3npa;SD2npa;SD1npa;SD0pa;SD1pa;SD2pa;SD3pa
1;0;-0.3053;13.4069;0.0956;0;10.2;11.1;12.2;13.4;14.8;16.3;18.1;0;-0.0631;13.3363;0.09272;0;10.1;11.1;12.2;13.3;14.6;16.1;17.7;0;1;34.4618;0.03686;1.2703;30.7;31.9;33.2;34.5;35.7;37;38.3;1;33.8787;0.03496;1.1844;30.3;31.5;32.7;33.9;35.1;36.2;37.4
2;1;0.2708;14.9441;0.09027;0;11.3;12.4;13.6;14.9;16.3;17.8;19.4;0;0.3448;14.5679;0.09556;0;10.8;12;13.2;14.6;16;17.5;19.1;0;1;37.2759;0.03133;1.1679;33.8;34.9;36.1;37.3;38.4;39.6;40.8;1;36.5463;0.0321;1.1731;33;34.2;35.4;36.5;37.7;38.9;40.1
3;2;0.1118;16.3195;0.08677;0;12.5;13.7;15;16.3;17.8;19.4;21.1;0;0.1749;15.7679;0.09371;0;11.8;13;14.3;15.8;17.3;19;20.7;0;1;39.1285;0.02997;1.1727;35.6;36.8;38;39.1;40.3;41.5;42.6;1;38.2521;0.03168;1.2118;34.6;35.8;37;38.3;39.5;40.7;41.9
4;3;0.0068;16.8987;0.08495;0;13.1;14.3;15.5;16.9;18.4;20;21.8;0;0.0643;16.3574;0.09254;0;12.4;13.6;14.9;16.4;17.9;19.7;21.5;0;1;40.5135;0.02918;1.1822;37;38.1;39.3;40.5;41.7;42.9;44.1;1;39.5328;0.0314;1.2413;35.8;37.1;38.3;39.5;40.8;42;43.3
5;4;-0.0727;17.1579;0.08378;0;13.4;14.5;15.8;17.2;18.7;20.3;22.1;0;-0.0191;16.6703;0.09166;0;12.7;13.9;15.2;16.7;18.3;20;22;0;1;41.6317;0.02868;1.194;38;39.2;40.4;41.6;42.8;44;45.2;1;40.5817;0.03119;1.2657;36.8;38.1;39.3;40.6;41.8;43.1;44.4
6;5;-0.137;17.2919;0.08296;0;13.5;14.7;15.9;17.3;18.8;20.5;22.3;0;-0.0864;16.8386;0.09096;0;12.9;14.1;15.4;16.8;18.4;20.2;22.2;0;1;42.5576;0.02837;1.2074;38.9;40.1;41.4;42.6;43.8;45;46.2;1;41.459;0.03102;1.2861;37.6;38.9;40.2;41.5;42.7;44;45.3
7;6;-0.1913;17.3422;0.08234;0;13.6;14.7;16;17.3;18.8;20.5;22.3;0;-0.1429;16.9083;0.09036;0;13;14.1;15.5;16.9;18.5;20.3;22.3;0;1;43.3306;0.02817;1.2206;39.7;40.9;42.1;43.3;44.6;45.8;47;1;42.1995;0.03087;1.3027;38.3;39.6;40.9;42.2;43.5;44.8;46.1
8;7;-0.2385;17.3288;0.08183;0;13.7;14.8;16;17.3;18.8;20.5;22.3;0;-0.1916;16.902;0.08984;0;13;14.2;15.5;16.9;18.5;20.3;22.3;0;1;43.9803;0.02804;1.2332;40.3;41.5;42.7;44;45.2;46.4;47.7;1;42.829;0.03075;1.317;38.9;40.2;41.5;42.8;44.1;45.5;46.8
9;8;-0.2802;17.2647;0.0814;0;13.6;14.7;15.9;17.3;18.7;20.4;22.2;0;-0.2344;16.8404;0.08939;0;13;14.1;15.4;16.8;18.4;20.2;22.2;0;1;44.53;0.02796;1.2451;40.8;42;43.3;44.5;45.8;47;48.3;1;43.3671;0.03063;1.3283;39.4;40.7;42;43.4;44.7;46;47.4
10;9;-0.3176;17.1662;0.08102;0;13.6;14.7;15.8;17.2;18.6;20.3;22.1;0;-0.2725;16.7406;0.08898;0;12.9;14.1;15.3;16.7;18.3;20.1;22.1;0;1;44.9998;0.02792;1.2564;41.2;42.5;43.7;45;46.3;47.5;48.8;1;43.83;0.03053;1.3381;39.8;41.2;42.5;43.8;45.2;46.5;47.8
11;10;-0.3516;17.0488;0.08068;0;13.5;14.6;15.7;17;18.5;20.1;22;0;-0.3068;16.6184;0.08861;0;12.9;14;15.2;16.6;18.2;19.9;21.9;0;1;45.4051;0.0279;1.2668;41.6;42.9;44.1;45.4;46.7;47.9;49.2;1;44.2319;0.03044;1.3464;40.2;41.5;42.9;44.2;45.6;46.9;48.3
12;11;-0.3828;16.9239;0.08037;0;13.4;14.5;15.6;16.9;18.4;20;21.8;0;-0.3381;16.4875;0.08828;0;12.8;13.9;15.1;16.5;18;19.8;21.8;0;1;45.7573;0.02789;1.2762;41.9;43.2;44.5;45.8;47;48.3;49.6;1;44.5844;0.03035;1.3531;40.5;41.9;43.2;44.6;45.9;47.3;48.6
13;12;-0.4115;16.7981;0.08009;0;13.4;14.4;15.5;16.8;18.2;19.8;21.6;0;-0.3667;16.3568;0.08797;0;12.7;13.8;15;16.4;17.9;19.6;21.6;0;1;46.0661;0.02789;1.2848;42.2;43.5;44.8;46.1;47.4;48.6;49.9;1;44.8965;0.03027;1.359;40.8;42.2;43.5;44.9;46.3;47.6;49
14;13;-0.4382;16.6743;0.07982;0;13.3;14.3;15.4;16.7;18.1;19.7;21.5;0;-0.3932;16.2311;0.08768;0;12.6;13.7;14.9;16.2;17.7;19.5;21.4;0;1;46.3395;0.02789;1.2924;42.5;43.8;45;46.3;47.6;48.9;50.2;1;45.1752;0.03019;1.3638;41.1;42.4;43.8;45.2;46.5;47.9;49.3
15;14;-0.463;16.5548;0.07958;0;13.2;14.2;15.3;16.6;18;19.5;21.3;0;-0.4177;16.1128;0.08741;0;12.6;13.6;14.8;16.1;17.6;19.3;21.3;0;1;46.5844;0.02791;1.3002;42.7;44;45.3;46.6;47.9;49.2;50.5;1;45.4265;0.03012;1.3683;41.3;42.7;44.1;45.4;46.8;48.2;49.5
16;15;-0.4863;16.4409;0.07935;0;13.1;14.1;15.2;16.4;17.8;19.4;21.2;0;-0.4407;16.0028;0.08716;0;12.5;13.5;14.7;16;17.5;19.2;21.1;0;1;46.806;0.02792;1.3068;42.9;44.2;45.5;46.8;48.1;49.4;50.7;1;45.6551;0.03006;1.3724;41.5;42.9;44.3;45.7;47;48.4;49.8
17;16;-0.5082;16.3335;0.07913;0;13.1;14;15.1;16.3;17.7;19.3;21;0;-0.4623;15.9017;0.08693;0;12.4;13.5;14.6;15.9;17.4;19.1;21;0;1;47.0088;0.02795;1.3139;43.1;44.4;45.7;47;48.3;49.6;51;1;45.865;0.02999;1.3755;41.7;43.1;44.5;45.9;47.2;48.6;50
18;17;-0.5289;16.2329;0.07892;0;13;13.9;15;16.2;17.6;19.1;20.9;0;-0.4825;15.8096;0.08671;0;12.4;13.4;14.5;15.8;17.3;18.9;20.9;0;1;47.1962;0.02797;1.3201;43.2;44.6;45.9;47.2;48.5;49.8;51.2;1;46.0598;0.02993;1.3786;41.9;43.3;44.7;46.1;47.4;48.8;50.2
19;18;-0.5484;16.1392;0.07873;0;12.9;13.9;14.9;16.1;17.5;19;20.8;0;-0.5017;15.7263;0.0865;0;12.3;13.3;14.4;15.7;17.2;18.8;20.8;0;1;47.311;0.028;1.3264;43.4;44.7;46;47.4;48.7;50;51.4;1;46.2424;0.02987;1.3813;42.1;43.5;44.9;46.2;47.6;49;50.4
20;19;-0.5669;16.0528;0.07854;0;12.9;13.8;14.9;16.1;17.4;18.9;20.7;0;-0.5199;15.6517;0.0863;0;12.3;13.3;14.4;15.7;17.1;18.8;20.7;0;1;47.5357;0.02803;1.3324;43.5;44.9;46.2;47.5;48.9;50.2;51.5;1;46.4152;0.02982;1.3841;42.3;43.6;45;46.4;47.8;49.2;50.6
21;20;-0.5846;15.9743;0.07836;0;12.8;13.7;14.8;16;17.3;18.8;20.6;0;-0.5372;15.5855;0.08612;0;12.2;13.2;14.3;15.6;17;18.7;20.6;0;1;47.6919;0.02806;1.3382;43.7;45;46.4;47.7;49;50.4;51.7;1;46.5801;0.02977;1.3867;42.4;43.8;45.2;46.6;48;49.4;50.7
22;21;-0.6014;15.9039;0.07818;0;12.8;13.7;14.7;15.9;17.2;18.7;20.5;0;-0.5537;15.5278;0.08594;0;12.2;13.2;14.3;15.5;17;18.6;20.5;0;1;47.8408;0.0281;1.3443;43.8;45.2;46.5;47.8;49.2;50.5;51.9;1;46.7384;0.02972;1.3891;42.6;44;45.3;46.7;48.1;49.5;50.9
23;22;-0.6174;15.8412;0.07802;0;12.7;13.6;14.7;15.8;17.2;18.7;20.4;0;-0.5695;15.4787;0.08577;0;12.2;13.1;14.2;15.5;16.9;18.5;20.4;0;1;47.9833;0.02813;1.3498;43.9;45.3;46.6;48;49.3;50.7;52;1;46.8913;0.02967;1.3913;42.7;44.1;45.5;46.9;48.3;49.7;51.1
24;23;-0.6328;15.7852;0.07786;0;12.7;13.6;14.6;15.8;17.1;18.6;20.3;0;-0.5846;15.438;0.0856;0;12.2;13.1;14.2;15.4;16.9;18.5;20.4;0;1;48.1201;0.02817;1.3555;44.1;45.4;46.8;48.1;49.5;50.8;52.2;1;47.0391;0.02962;1.3933;42.9;44.3;45.6;47;48.4;49.8;51.2
25;24;-0.6187;16.0189;0.07785;0;12.9;13.8;14.8;16;17.3;18.9;20.6;0;-0.5684;15.6881;0.08454;0;12.4;13.3;14.4;15.7;17.1;18.7;20.6;0;1;48.2515;0.02821;1.3612;44.2;45.5;46.9;48.3;49.6;51;52.3;1;47.1822;0.02957;1.3952;43;44.4;45.8;47.2;48.6;50;51.4
26;25;-0.584;15.98;0.07792;0;12.8;13.8;14.8;16;17.3;18.8;20.5;0;-0.5684;15.659;0.08452;0;12.4;13.3;14.4;15.7;17.1;18.7;20.6;0;1;48.3777;0.02825;1.3667;44.3;45.6;47;48.4;49.7;51.1;52.5;1;47.3204;0.02953;1.3974;43.1;44.5;45.9;47.3;48.7;50.1;51.5
27;26;-0.5497;15.9414;0.078;0;12.8;13.7;14.8;15.9;17.3;18.8;20.5;0;-0.5684;15.6308;0.08449;0;12.3;13.3;14.4;15.6;17;18.7;20.6;0;1;48.4989;0.0283;1.3725;44.4;45.8;47.1;48.5;49.9;51.2;52.6;1;47.4536;0.02949;1.3994;43.3;44.7;46.1;47.5;48.9;50.3;51.7
28;27;-0.5166;15.9036;0.07808;0;12.7;13.7;14.7;15.9;17.2;18.7;20.4;0;-0.5684;15.6037;0.08446;0;12.3;13.3;14.4;15.6;17;18.6;20.5;0;1;48.6151;0.02834;1.3778;44.5;45.9;47.2;48.6;50;51.4;52.7;1;47.5817;0.02945;1.4013;43.4;44.8;46.2;47.6;49;50.4;51.8
29;28;-0.485;15.8667;0.07818;0;12.7;13.6;14.7;15.9;17.2;18.7;20.4;0;-0.5684;15.5777;0.08444;0;12.3;13.3;14.3;15.6;17;18.6;20.5;0;1;48.7264;0.02838;1.3829;44.6;46;47.3;48.7;50.1;51.5;52.9;1;47.7045;0.02941;1.403;43.5;44.9;46.3;47.7;49.1;50.5;51.9
30;29;-0.4552;15.8306;0.07829;0;12.7;13.6;14.7;15.8;17.1;18.6;20.3;0;-0.5684;15.5523;0.08443;0;12.3;13.2;14.3;15.6;17;18.6;20.4;0;1;48.8331;0.02842;1.3878;44.7;46.1;47.4;48.8;50.2;51.6;53;1;47.8219;0.02937;1.4045;43.6;45;46.4;47.8;49.2;50.6;52
31;30;-0.4274;15.7953;0.07841;0;12.6;13.6;14.6;15.8;17.1;18.6;20.2;0;-0.5684;15.5276;0.08444;0;12.3;13.2;14.3;15.5;16.9;18.5;20.4;0;1;48.9351;0.02847;1.3932;44.8;46.1;47.5;48.9;50.3;51.7;53.1;1;47.934;0.02933;1.4059;43.7;45.1;46.5;47.9;49.3;50.7;52.2
32;31;-0.4016;15.7606;0.07854;0;12.6;13.5;14.6;15.8;17.1;18.5;20.2;0;-0.5684;15.5034;0.08448;0;12.2;13.2;14.3;15.5;16.9;18.5;20.4;0;1;49.0327;0.02851;1.3979;44.8;46.2;47.6;49;50.4;51.8;53.2;1;48.041;0.02929;1.4071;43.8;45.2;46.6;48;49.4;50.9;52.3
33;32;-0.3782;15.7267;0.07867;0;12.5;13.5;14.6;15.7;17;18.5;20.1;0;-0.5684;15.4798;0.08455;0;12.2;13.2;14.3;15.5;16.9;18.5;20.4;0;1;49.126;0.02855;1.4026;44.9;46.3;47.7;49.1;50.5;51.9;53.3;1;48.1432;0.02926;1.4087;43.9;45.3;46.7;48.1;49.6;51;52.4
34;33;-0.3572;15.6934;0.07882;0;12.5;13.5;14.5;15.7;17;18.5;20.1;0;-0.5684;15.4572;0.08467;0;12.2;13.1;14.2;15.5;16.9;18.5;20.3;0;1;49.2153;0.02859;1.4071;45;46.4;47.8;49.2;50.6;52;53.4;1;48.2408;0.02922;1.4096;44;45.4;46.8;48.2;49.7;51.1;52.5
35;34;-0.3388;15.661;0.07897;0;12.5;13.4;14.5;15.7;17;18.4;20;0;-0.5684;15.4356;0.08484;0;12.2;13.1;14.2;15.4;16.8;18.5;20.3;0;1;49.3007;0.02863;1.4115;45.1;46.5;47.9;49.3;50.7;52.1;53.5;1;48.3343;0.02919;1.4109;44.1;45.5;46.9;48.3;49.7;51.2;52.6
36;35;-0.3231;15.6294;0.07914;0;12.4;13.4;14.5;15.6;16.9;18.4;20;0;-0.5684;15.4155;0.08506;0;12.1;13.1;14.2;15.4;16.8;18.4;20.3;0;1;49.3826;0.02867;1.4158;45.1;46.6;48;49.4;50.8;52.2;53.6;1;48.4239;0.02915;1.4116;44.2;45.6;47;48.4;49.8;51.2;52.7
37;36;-0.3101;15.5988;0.07931;0;12.4;13.4;14.4;15.6;16.9;18.4;20;0;-0.5684;15.3968;0.08535;0;12.1;13.1;14.2;15.4;16.8;18.4;20.3;0;1;49.4612;0.02871;1.42;45.2;46.6;48;49.5;50.9;52.3;53.7;1;48.5099;0.02912;1.4126;44.3;45.7;47.1;48.5;49.9;51.3;52.7
38;37;-0.3;15.5693;0.0795;0;12.4;13.3;14.4;15.6;16.9;18.3;19.9;0;-0.5684;15.3796;0.08569;0;12.1;13.1;14.1;15.4;16.8;18.4;20.3;0;1;49.5367;0.02875;1.4242;45.3;46.7;48.1;49.5;51;52.4;53.8;1;48.5926;0.02909;1.4136;44.4;45.8;47.2;48.6;50;51.4;52.8
39;38;-0.2927;15.541;0.07969;0;12.3;13.3;14.4;15.5;16.8;18.3;19.9;0;-0.5684;15.3638;0.08609;0;12.1;13;14.1;15.4;16.8;18.4;20.3;0;1;49.6093;0.02878;1.4278;45.3;46.8;48.2;49.6;51;52.5;53.9;1;48.6722;0.02906;1.4144;44.4;45.8;47.3;48.7;50.1;51.5;52.9
40;39;-0.2884;15.514;0.0799;0;12.3;13.3;14.3;15.5;16.8;18.3;19.9;0;-0.5684;15.3493;0.08654;0;12;13;14.1;15.3;16.8;18.4;20.3;0;1;49.6791;0.02882;1.4318;45.4;46.8;48.2;49.7;51.1;52.5;54;1;48.7489;0.02903;1.4152;44.5;45.9;47.3;48.7;50.2;51.6;53
41;40;-0.2869;15.4885;0.08012;0;12.3;13.2;14.3;15.5;16.8;18.2;19.9;0;-0.5684;15.3358;0.08704;0;12;13;14.1;15.3;16.8;18.4;20.3;0;1;49.7465;0.02886;1.4357;45.4;46.9;48.3;49.7;51.2;52.6;54.1;1;48.8228;0.029;1.4159;44.6;46;47.4;48.8;50.2;51.7;53.1
42;41;-0.2881;15.4645;0.08036;0;12.2;13.2;14.3;15.5;16.8;18.2;19.9;0;-0.5684;15.3233;0.08757;0;12;13;14.1;15.3;16.8;18.4;20.4;0;1;49.8116;0.02889;1.4391;45.5;46.9;48.4;49.8;51.3;52.7;54.1;1;48.8941;0.02897;1.4165;44.6;46.1;47.5;48.9;50.3;51.7;53.1
43;42;-0.2919;15.442;0.08061;0;12.2;13.2;14.3;15.4;16.8;18.2;19.8;0;-0.5684;1.53116;0.08813;0;12;12.9;14;15.3;16.8;18.4;20.4;0;1;49.8745;0.02893;1.4429;45.5;47;48.4;49.9;51.3;52.8;54.2;1;48.9629;0.02894;1.417;44.7;46.1;47.5;49;50.4;51.8;53.2
44;43;-0.2981;15.421;0.08087;0;12.2;13.2;14.2;15.4;16.7;18.2;19.8;0;-0.5684;15.3007;0.08872;0;11.9;12.9;14;15.3;16.8;18.4;20.4;0;1;49.9354;0.02896;1.4461;45.6;47;48.5;49.9;51.4;52.8;54.3;1;49.0294;0.02891;1.4174;44.8;46.2;47.6;49;50.4;51.9;53.3
45;44;-0.3067;15.4013;0.08115;0;12.2;13.1;14.2;15.4;16.7;18.2;19.8;0;-0.5684;15.2905;0.08931;0;11.9;12.9;14;15.3;16.8;18.5;20.4;0;1;49.9942;0.02899;1.4493;45.6;47.1;48.5;50;51.4;52.9;54.3;1;49.0937;0.02888;1.4178;44.8;46.3;47.7;49.1;50.5;51.9;53.3
46;45;-0.3174;15.3827;0.08144;0;12.2;13.1;14.2;15.4;16.7;18.2;19.8;0;-0.5684;15.2814;0.08991;0;11.9;12.9;14;15.3;16.8;18.5;20.5;0;1;50.0512;0.02903;1.453;45.7;47.1;48.6;50.1;51.5;53;54.4;1;49.156;0.02886;1.4186;44.9;46.3;47.7;49.2;50.6;52;53.4
47;46;-0.3303;15.3652;0.08174;0;12.1;13.1;14.2;15.4;16.7;18.2;19.8;0;-0.5684;15.2732;0.09051;0;11.9;12.9;14;15.3;16.8;18.5;20.5;0;1;50.1064;0.02906;1.4561;45.7;47.2;48.7;50.1;51.6;53;54.5;1;49.2164;0.02883;1.4189;45;46.4;47.8;49.2;50.6;52.1;53.5
48;47;-0.3452;15.3485;0.08205;0;12.1;13.1;14.2;15.3;16.7;18.2;19.9;0;-0.5684;15.2661;0.0911;0;11.8;12.8;14;15.3;16.8;18.5;20.5;0;1;50.1598;0.02909;1.4592;45.8;47.2;48.7;50.2;51.6;53.1;54.5;1;49.2751;0.0288;1.4191;45;46.4;47.9;49.3;50.7;52.1;53.5
49;48;-0.3622;15.3326;0.08238;0;12.1;13.1;14.1;15.3;16.7;18.2;19.9;0;-0.5684;15.2602;0.09168;0;11.8;12.8;14;15.3;16.8;18.5;20.6;0;1;50.2115;0.02912;1.4622;45.8;47.3;48.7;50.2;51.7;53.1;54.6;1;49.3321;0.02878;1.4198;45.1;46.5;47.9;49.3;50.8;52.2;53.6
50;49;-0.3811;15.3174;0.08272;0;12.1;13;14.1;15.3;16.7;18.2;19.9;0;-0.5684;15.2556;0.09227;0;11.8;12.8;13.9;15.3;16.8;18.5;20.6;0;1;50.2617;0.02915;1.4651;45.9;47.3;48.8;50.3;51.7;53.2;54.7;1;49.3877;0.02875;1.4199;45.1;46.5;48;49.4;50.8;52.2;53.6
51;50;-0.4019;15.3029;0.08307;0;12.1;13;14.1;15.3;16.7;18.2;19.9;0;-0.5684;15.2523;0.09286;0;11.8;12.8;13.9;15.3;16.8;18.6;20.7;0;1;50.3105;0.02918;1.4681;45.9;47.4;48.8;50.3;51.8;53.2;54.7;1;49.4419;0.02873;1.4205;45.2;46.6;48;49.4;50.9;52.3;53.7
52;51;-0.4245;15.2891;0.08343;0;12.1;13;14.1;15.3;16.6;18.2;19.9;0;-0.5684;15.2503;0.09345;0;11.8;12.8;13.9;15.3;16.8;18.6;20.7;0;1;50.3578;0.02921;1.471;45.9;47.4;48.9;50.4;51.8;53.3;54.8;1;49.4947;0.0287;1.4205;45.2;46.7;48.1;49.5;50.9;52.3;53.8
53;52;-0.4488;15.2759;0.0838;0;12;13;14.1;15.3;16.6;18.2;19.9;0;-0.5684;15.2496;0.09403;0;11.7;12.8;13.9;15.2;16.8;18.6;20.7;0;1;50.4039;0.02924;1.4738;46;47.5;48.9;50.4;51.9;53.4;54.8;1;49.5464;0.02868;1.421;45.3;46.7;48.1;49.5;51;52.4;53.8
54;53;-0.4747;15.2633;0.08418;0;12;13;14.1;15.3;16.6;18.2;20;0;-0.5684;15.2502;0.0946;0;11.7;12.7;13.9;15.3;16.8;18.6;20.8;0;1;50.4488;0.02927;1.4766;46;47.5;49;50.4;51.9;53.4;54.9;1;49.5969;0.02865;1.421;45.3;46.8;48.2;49.6;51;52.4;53.9
55;54;-0.5019;15.2514;0.08457;0;12;13;14;15.3;16.6;18.2;20;0;-0.5684;15.2519;0.09515;0;11.7;12.7;13.9;15.3;16.8;18.7;20.8;0;1;50.4926;0.02929;1.4789;46.1;47.5;49;50.5;52;53.5;54.9;1;49.6464;0.02863;1.4214;45.4;46.8;48.2;49.6;51.1;52.5;53.9
56;55;-0.5303;15.24;0.08496;0;12;13;14;15.2;16.6;18.2;20;0;-0.5684;15.2544;0.09568;0;11.7;12.7;13.9;15.3;16.8;18.7;20.9;0;1;50.5354;0.02932;1.4817;46.1;47.6;49.1;50.5;52;53.5;55;1;49.6947;0.02861;1.4218;45.4;46.9;48.3;49.7;51.1;52.5;54
57;56;-0.5599;15.2291;0.08536;0;12;12.9;14;15.2;16.6;18.2;20.1;0;-0.5684;15.2575;0.09618;0;11.7;12.7;13.9;15.3;16.8;18.7;20.9;0;1;50.5772;0.02935;1.4844;46.1;47.6;49.1;50.6;52.1;53.5;55;1;49.7421;0.02859;1.4221;45.5;46.9;48.3;49.7;51.2;52.6;54
58;57;-0.5905;15.2188;0.08577;0;12;12.9;14;15.2;16.6;18.2;20.1;0;-0.5684;15.2612;0.09665;0;11.7;12.7;13.9;15.3;16.9;18.7;21;0;1;50.6183;0.02938;1.4872;46.2;47.6;49.1;50.6;52.1;53.6;55.1;1;49.7885;0.02856;1.422;45.5;46.9;48.4;49.8;51.2;52.6;54.1
59;58;-0.6223;15.2091;0.08617;0;12;12.9;14;15.2;16.6;18.3;20.2;0;-0.5684;15.2653;0.09709;0;11.7;12.7;13.9;15.3;16.9;18.8;21;0;1;50.6587;0.0294;1.4894;46.2;47.7;49.2;50.7;52.1;53.6;55.1;1;49.8341;0.02854;1.4223;45.6;47;48.4;49.8;51.3;52.7;54.1
60;59;-0.6552;15.2;0.08659;0;12;12.9;14;15.2;16.6;18.3;20.2;0;-0.5684;15.2698;0.0975;0;11.6;12.7;13.9;15.3;16.9;18.8;21;0;1;50.6984;0.02943;1.4921;46.2;47.7;49.2;50.7;52.2;53.7;55.2;1;49.8789;0.02852;1.4226;45.6;47;48.5;49.9;51.3;52.7;54.1
61;60;-0.6892;15.1916;0.087;0;12;12.9;14;15.2;16.6;18.3;20.3;0;-0.5684;15.2747;0.09789;0;11.6;12.7;13.9;15.3;16.9;18.8;21.1;0;1;50.7375;0.02946;1.4947;46.3;47.7;49.2;50.7;52.2;53.7;55.2;1;49.9229;0.0285;1.4228;45.7;47.1;48.5;49.9;51.3;52.8;54.2
62;61;-0.7387;15.2641;0.0839;11.204;12.118;13.031;14.071;15.264;16.645;18.259;20.166;22.072;-0.8886;15.2441;0.09692;10.793;11.77;12.748;13.891;15.244;16.87;18.858;21.34;23.821;0;0;0;0;0;0;0;0;0;0;0;0;0;0;0;0;0;0;0;0;0;0
63;62;-0.7621;15.2616;0.08414;11.204;12.115;13.027;14.066;15.262;16.648;18.273;20.2;22.127;-0.9068;15.2434;0.09738;10.786;11.763;12.741;13.885;15.243;16.879;18.886;21.403;23.92;0;0;0;0;0;0;0;0;0;0;0;0;0;0;0;0;0;0;0;0;0;0
64;63;-0.7856;15.2604;0.08439;11.204;12.114;13.024;14.063;15.26;16.653;18.29;20.238;22.186;-0.9248;15.2433;0.09783;10.78;11.757;12.734;13.881;15.243;16.889;18.915;21.468;24.02;0;0;0;0;0;0;0;0;0;0;0;0;0;0;0;0;0;0;0;0;0;0
65;64;-0.8089;15.2605;0.08464;11.205;12.114;13.022;14.061;15.26;16.659;18.308;20.277;22.247;-0.9427;15.2438;0.09829;10.775;11.752;12.728;13.876;15.244;16.9;18.946;21.535;24.123;0;0;0;0;0;0;0;0;0;0;0;0;0;0;0;0;0;0;0;0;0;0
66;65;-0.8322;15.2619;0.0849;11.207;12.114;13.021;14.06;15.262;16.667;18.328;20.32;22.312;-0.9605;15.2448;0.09875;10.77;11.746;12.723;13.872;15.245;16.911;18.977;21.603;24.23;0;0;0;0;0;0;0;0;0;0;0;0;0;0;0;0;0;0;0;0;0;0
67;66;-0.8554;15.2645;0.08516;11.21;12.115;13.021;14.06;15.264;16.676;18.35;20.365;22.38;-0.978;15.2464;0.0992;10.765;11.742;12.718;13.869;15.246;16.923;19.009;21.673;24.337;0;0;0;0;0;0;0;0;0;0;0;0;0;0;0;0;0;0;0;0;0;0
68;67;-0.8785;15.2684;0.08543;11.213;12.117;13.021;14.061;15.268;16.686;18.374;20.413;22.452;-0.9954;15.2487;0.09966;10.761;11.737;12.714;13.866;15.249;16.936;19.042;21.745;24.448;0;0;0;0;0;0;0;0;0;0;0;0;0;0;0;0;0;0;0;0;0;0
69;68;-0.9015;15.2737;0.0857;11.218;12.121;13.023;14.063;15.274;16.699;18.399;20.463;22.526;-1.0126;15.2516;0.10012;10.757;11.733;12.71;13.864;15.252;16.95;19.077;21.819;24.561;0;0;0;0;0;0;0;0;0;0;0;0;0;0;0;0;0;0;0;0;0;0
70;69;-0.9243;15.2801;0.08597;11.223;12.125;13.026;14.067;15.28;16.712;18.427;20.515;22.604;-1.0296;15.2551;0.10058;10.754;11.73;12.706;13.863;15.255;16.964;19.112;21.895;24.678;0;0;0;0;0;0;0;0;0;0;0;0;0;0;0;0;0;0;0;0;0;0
71;70;-0.9471;15.2877;0.08625;11.228;12.129;13.03;14.071;15.288;16.727;18.456;20.571;22.685;-1.0464;15.2592;0.10104;10.751;11.727;12.703;13.862;15.259;16.979;19.148;21.973;24.797;0;0;0;0;0;0;0;0;0;0;0;0;0;0;0;0;0;0;0;0;0;0
72;71;-0.9697;15.2965;0.08653;11.235;12.135;13.035;14.077;15.296;16.743;18.487;20.628;22.77;-1.063;15.2641;0.10149;10.749;11.725;12.701;13.862;15.264;16.995;19.185;22.051;24.917;0;0;0;0;0;0;0;0;0;0;0;0;0;0;0;0;0;0;0;0;0;0
73;72;-0.9921;15.3062;0.08682;11.242;12.141;13.04;14.083;15.306;16.761;18.52;20.689;22.858;-1.0794;15.2697;0.10195;10.747;11.723;12.7;13.862;15.27;17.011;19.224;22.133;25.042;0;0;0;0;0;0;0;0;0;0;0;0;0;0;0;0;0;0;0;0;0;0
74;73;-1.0144;15.3169;0.08711;11.249;12.148;13.047;14.09;15.317;16.78;18.554;20.751;22.948;-1.0956;15.276;0.10241;10.745;11.722;12.699;13.863;15.276;17.029;19.264;22.217;25.17;0;0;0;0;0;0;0;0;0;0;0;0;0;0;0;0;0;0;0;0;0;0
75;74;-1.0365;15.3285;0.08741;11.257;12.155;13.053;14.098;15.328;16.799;18.589;20.816;23.043;-1.1115;15.2831;0.10287;10.744;11.721;12.698;13.865;15.283;17.047;19.305;22.303;25.301;0;0;0;0;0;0;0;0;0;0;0;0;0;0;0;0;0;0;0;0;0;0
76;75;-1.0584;15.3408;0.08771;11.265;12.163;13.061;14.107;15.341;16.82;18.626;20.883;23.139;-1.1272;15.2911;0.10333;10.744;11.721;12.699;13.867;15.291;17.067;19.347;22.391;25.435;0;0;0;0;0;0;0;0;0;0;0;0;0;0;0;0;0;0;0;0;0;0
77;76;-1.0801;15.354;0.08802;11.274;12.171;13.069;14.116;15.354;16.842;18.665;20.952;23.24;-1.1427;15.2998;0.10379;10.744;11.722;12.7;13.87;15.3;17.087;19.391;22.481;25.572;0;0;0;0;0;0;0;0;0;0;0;0;0;0;0;0;0;0;0;0;0;0
78;77;-1.1017;15.3679;0.08833;11.283;12.18;13.077;14.126;15.368;16.864;18.704;21.023;23.343;-1.1579;15.3095;0.10425;10.745;11.723;12.701;13.874;15.31;17.108;19.436;22.574;25.712;0;0;0;0;0;0;0;0;0;0;0;0;0;0;0;0;0;0;0;0;0;0
79;78;-1.123;15.3825;0.08865;11.292;12.189;13.086;14.136;15.382;16.888;18.745;21.097;23.449;-1.1728;15.32;0.10471;10.746;11.725;12.704;13.879;15.32;17.131;19.482;22.668;25.855;0;0;0;0;0;0;0;0;0;0;0;0;0;0;0;0;0;0;0;0;0;0
80;79;-1.1441;15.3978;0.08898;11.301;12.198;13.095;14.147;15.398;16.913;18.788;21.174;23.559;-1.1875;15.3314;0.10517;10.748;11.727;12.707;13.885;15.331;17.154;19.529;22.766;26.002;0;0;0;0;0;0;0;0;0;0;0;0;0;0;0;0;0;0;0;0;0;0
81;80;-1.1649;15.4137;0.08931;11.311;12.208;13.105;14.158;15.414;16.938;18.831;21.251;23.672;-1.2019;15.3439;0.10562;10.751;11.731;12.711;13.892;15.344;17.179;19.578;22.864;26.15;0;0;0;0;0;0;0;0;0;0;0;0;0;0;0;0;0;0;0;0;0;0
82;81;-1.1856;15.4302;0.08964;11.321;12.218;13.115;14.17;15.43;16.964;18.876;21.331;23.786;-1.216;15.3572;0.10608;10.754;11.735;12.716;13.899;15.357;17.204;19.628;22.966;26.304;0;0;0;0;0;0;0;0;0;0;0;0;0;0;0;0;0;0;0;0;0;0
83;82;-1.206;15.4473;0.08998;11.331;12.228;13.126;14.183;15.447;16.991;18.922;21.413;23.905;-1.2298;15.3717;0.10654;10.758;11.74;12.721;13.907;15.372;17.231;19.68;23.071;26.461;0;0;0;0;0;0;0;0;0;0;0;0;0;0;0;0;0;0;0;0;0;0
84;83;-1.2261;15.465;0.09033;11.341;12.239;13.136;14.195;15.465;17.019;18.969;21.498;24.027;-1.2433;15.3871;0.107;10.762;11.745;12.728;13.916;15.387;17.259;19.734;23.178;26.621;0;0;0;0;0;0;0;0;0;0;0;0;0;0;0;0;0;0;0;0;0;0
85;84;-1.246;15.4832;0.09068;11.351;12.25;13.148;14.209;15.483;17.047;19.017;21.584;24.152;-1.2565;15.4036;0.10746;10.767;11.751;12.735;13.927;15.404;17.289;19.789;23.287;26.785;0;0;0;0;0;0;0;0;0;0;0;0;0;0;0;0;0;0;0;0;0;0
86;85;-1.2656;15.5019;0.09103;11.362;12.261;13.159;14.222;15.502;17.076;19.066;21.672;24.279;-1.2693;15.4211;0.10792;10.773;11.758;12.743;13.938;15.421;17.319;19.845;23.399;26.953;0;0;0;0;0;0;0;0;0;0;0;0;0;0;0;0;0;0;0;0;0;0
87;86;-1.2849;15.521;0.09139;11.373;12.272;13.171;14.236;15.521;17.106;19.116;21.763;24.409;-1.2819;15.4397;0.10837;10.779;11.766;12.752;13.95;15.44;17.35;19.903;23.512;27.122;0;0;0;0;0;0;0;0;0;0;0;0;0;0;0;0;0;0;0;0;0;0
88;87;-1.304;15.5407;0.09176;11.384;12.283;13.183;14.25;15.541;17.136;19.168;21.856;24.544;-1.2941;15.4593;0.10883;10.786;11.774;12.762;13.963;15.459;17.383;19.963;23.629;27.296;0;0;0;0;0;0;0;0;0;0;0;0;0;0;0;0;0;0;0;0;0;0
89;88;-1.3228;15.5608;0.09213;11.395;12.295;13.195;14.265;15.561;17.167;19.22;21.95;24.681;-1.306;15.4798;0.10929;10.793;11.783;12.772;13.976;15.48;17.417;20.023;23.749;27.474;0;0;0;0;0;0;0;0;0;0;0;0;0;0;0;0;0;0;0;0;0;0
90;89;-1.3414;15.5814;0.09251;11.406;12.307;13.208;14.28;15.581;17.199;19.274;22.048;24.822;-1.3175;15.5014;0.10974;10.802;11.793;12.783;13.991;15.501;17.452;20.085;23.869;27.653;0;0;0;0;0;0;0;0;0;0;0;0;0;0;0;0;0;0;0;0;0;0
91;90;-1.3596;15.6023;0.09289;11.417;12.319;13.221;14.295;15.602;17.231;19.328;22.147;24.966;-1.3287;15.524;0.1102;10.81;11.803;12.795;14.007;15.524;17.488;20.149;23.994;27.838;0;0;0;0;0;0;0;0;0;0;0;0;0;0;0;0;0;0;0;0;0;0
92;91;-1.3776;15.6237;0.09327;11.428;12.331;13.234;14.311;15.624;17.264;19.383;22.247;25.112;-1.3395;15.5476;0.11065;10.82;11.814;12.808;14.023;15.548;17.526;20.214;24.119;28.023;0;0;0;0;0;0;0;0;0;0;0;0;0;0;0;0;0;0;0;0;0;0
93;92;-1.3953;15.6455;0.09366;11.44;12.343;13.247;14.327;15.646;17.297;19.44;22.351;25.262;-1.3499;15.5723;0.1111;10.83;11.826;12.822;14.041;15.572;17.564;20.281;24.246;28.212;0;0;0;0;0;0;0;0;0;0;0;0;0;0;0;0;0;0;0;0;0;0
94;93;-1.4126;15.6677;0.09406;11.451;12.356;13.26;14.343;15.668;17.331;19.497;22.457;25.416;-1.36;15.5979;0.11156;10.84;11.838;12.836;14.059;15.598;17.604;20.349;24.377;28.406;0;0;0;0;0;0;0;0;0;0;0;0;0;0;0;0;0;0;0;0;0;0
95;94;-1.4297;15.6903;0.09445;11.463;12.368;13.274;14.36;15.69;17.366;19.555;22.563;25.571;-1.3697;15.6246;0.11201;10.851;11.851;12.852;14.078;15.625;17.645;20.418;24.51;28.601;0;0;0;0;0;0;0;0;0;0;0;0;0;0;0;0;0;0;0;0;0;0
96;95;-1.4464;15.7133;0.09486;11.474;12.381;13.288;14.377;15.713;17.401;19.615;22.673;25.732;-1.379;15.6523;0.11246;10.862;11.865;12.868;14.099;15.652;17.687;20.489;24.644;28.799;0;0;0;0;0;0;0;0;0;0;0;0;0;0;0;0;0;0;0;0;0;0
97;96;-1.4629;15.7368;0.09526;11.486;12.394;13.302;14.394;15.737;17.437;19.675;22.785;25.895;-1.388;15.681;0.11291;10.874;11.879;12.884;14.12;15.681;17.73;20.561;24.781;29.001;0;0;0;0;0;0;0;0;0;0;0;0;0;0;0;0;0;0;0;0;0;0
98;97;-1.479;15.7606;0.09567;11.498;12.407;13.317;14.412;15.761;17.473;19.736;22.899;26.061;-1.3966;15.7107;0.11335;10.887;11.895;12.902;14.142;15.711;17.774;20.634;24.918;29.203;0;0;0;0;0;0;0;0;0;0;0;0;0;0;0;0;0;0;0;0;0;0
99;98;-1.4947;15.7848;0.09609;11.51;12.42;13.331;14.429;15.785;17.51;19.798;23.015;26.232;-1.4047;15.7415;0.1138;10.9;11.91;12.92;14.164;15.742;17.82;20.709;25.059;29.409;0;0;0;0;0;0;0;0;0;0;0;0;0;0;0;0;0;0;0;0;0;0
100;99;-1.5101;15.8094;0.09651;11.521;12.434;13.346;14.447;15.809;17.548;19.862;23.134;26.406;-1.4125;15.7732;0.11424;10.914;11.927;12.94;14.188;15.773;17.866;20.784;25.2;29.617;0;0;0;0;0;0;0;0;0;0;0;0;0;0;0;0;0;0;0;0;0;0
101;100;-1.5252;15.8344;0.09693;11.534;12.447;13.361;14.466;15.834;17.586;19.926;23.254;26.582;-1.4199;15.8058;0.11469;10.928;11.944;12.959;14.212;15.806;17.914;20.862;25.345;29.829;0;0;0;0;0;0;0;0;0;0;0;0;0;0;0;0;0;0;0;0;0;0
102;101;-1.5399;15.8597;0.09735;11.546;12.461;13.376;14.484;15.86;17.624;19.99;23.376;26.761;-1.427;15.8394;0.11513;10.943;11.962;12.98;14.238;15.839;17.962;20.94;25.491;30.042;0;0;0;0;0;0;0;0;0;0;0;0;0;0;0;0;0;0;0;0;0;0
103;102;-1.5542;15.8855;0.09778;11.558;12.475;13.392;14.503;15.886;17.663;20.056;23.5;26.945;-1.4336;15.8738;0.11557;10.958;11.98;13.001;14.264;15.874;18.012;21.019;25.638;30.256;0;0;0;0;0;0;0;0;0;0;0;0;0;0;0;0;0;0;0;0;0;0
104;103;-1.5681;15.9116;0.09821;11.57;12.489;13.408;14.523;15.912;17.702;20.123;23.627;27.131;-1.4398;15.909;0.11601;10.974;11.998;13.023;14.291;15.909;18.062;21.1;25.786;30.472;0;0;0;0;0;0;0;0;0;0;0;0;0;0;0;0;0;0;0;0;0;0
105;104;-1.5817;15.9381;0.09864;11.583;12.503;13.424;14.542;15.938;17.742;20.19;23.755;27.32;-1.4456;15.9451;0.11644;10.99;12.018;13.045;14.318;15.945;18.113;21.181;25.934;30.688;0;0;0;0;0;0;0;0;0;0;0;0;0;0;0;0;0;0;0;0;0;0
106;105;-1.5948;15.9651;0.09907;11.595;12.518;13.44;14.562;15.965;17.783;20.258;23.885;27.511;-1.4511;15.9818;0.11688;11.006;12.037;13.068;14.346;15.982;18.166;21.263;26.085;30.908;0;0;0;0;0;0;0;0;0;0;0;0;0;0;0;0;0;0;0;0;0;0
107;106;-1.6076;15.9925;0.09951;11.608;12.532;13.456;14.582;15.992;17.824;20.327;24.018;27.708;-1.4561;16.0194;0.11731;11.023;12.057;13.092;14.375;16.019;18.219;21.346;26.236;31.127;0;0;0;0;0;0;0;0;0;0;0;0;0;0;0;0;0;0;0;0;0;0
108;107;-1.6199;16.0205;0.09994;11.621;12.547;13.473;14.603;16.02;17.866;20.397;24.151;27.905;-1.4607;16.0575;0.11774;11.04;12.078;13.115;14.404;16.058;18.272;21.429;26.388;31.346;0;0;0;0;0;0;0;0;0;0;0;0;0;0;0;0;0;0;0;0;0;0
109;108;-1.6318;16.049;0.10038;11.634;12.562;13.491;14.624;16.049;17.908;20.468;24.288;28.107;-1.465;16.0964;0.11816;11.057;12.099;13.14;14.434;16.096;18.326;21.513;26.539;31.565;0;0;0;0;0;0;0;0;0;0;0;0;0;0;0;0;0;0;0;0;0;0
110;109;-1.6433;16.0781;0.10082;11.647;12.578;13.508;14.646;16.078;17.952;20.54;24.426;28.312;-1.4688;16.1358;0.11859;11.075;12.12;13.165;14.465;16.136;18.381;21.599;26.692;31.786;0;0;0;0;0;0;0;0;0;0;0;0;0;0;0;0;0;0;0;0;0;0
111;110;-1.6544;16.1078;0.10126;11.661;12.594;13.526;14.668;16.108;17.996;20.613;24.567;28.52;-1.4723;16.1759;0.11901;11.092;12.141;13.19;14.496;16.176;18.437;21.684;26.845;32.007;0;0;0;0;0;0;0;0;0;0;0;0;0;0;0;0;0;0;0;0;0;0
112;111;-1.6651;16.1381;0.1017;11.675;12.61;13.545;14.691;16.138;18.04;20.687;24.709;28.731;-1.4753;16.2166;0.11943;11.11;12.163;13.216;14.527;16.217;18.493;21.77;26.998;32.227;0;0;0;0;0;0;0;0;0;0;0;0;0;0;0;0;0;0;0;0;0;0
113;112;-1.6753;16.1692;0.10214;11.689;12.626;13.564;14.714;16.169;18.086;20.763;24.854;28.945;-1.478;16.258;0.11985;11.128;12.185;13.242;14.559;16.258;18.551;21.857;27.152;32.448;0;0;0;0;0;0;0;0;0;0;0;0;0;0;0;0;0;0;0;0;0;0
114;113;-1.6851;16.2009;0.10259;11.703;12.643;13.583;14.738;16.201;18.132;20.839;25.001;29.163;-1.4803;16.2999;0.12026;11.147;12.208;13.269;14.592;16.3;18.608;21.944;27.305;32.666;0;0;0;0;0;0;0;0;0;0;0;0;0;0;0;0;0;0;0;0;0;0
115;114;-1.6944;16.2333;0.10303;11.718;12.661;13.603;14.763;16.233;18.179;20.916;25.149;29.382;-1.4823;16.3425;0.12067;11.166;12.231;13.296;14.625;16.343;18.666;22.031;27.459;32.886;0;0;0;0;0;0;0;0;0;0;0;0;0;0;0;0;0;0;0;0;0;0
116;115;-1.7032;16.2665;0.10347;11.733;12.679;13.624;14.788;16.266;18.227;20.994;25.299;29.604;-1.4838;16.3858;0.12108;11.185;12.254;13.323;14.659;16.386;18.725;22.12;27.612;33.104;0;0;0;0;0;0;0;0;0;0;0;0;0;0;0;0;0;0;0;0;0;0
117;116;-1.7116;16.3004;0.10391;11.749;12.697;13.645;14.814;16.3;18.276;21.074;25.451;29.828;-1.485;16.4298;0.12148;11.204;12.278;13.352;14.694;16.43;18.785;22.208;27.765;33.321;0;0;0;0;0;0;0;0;0;0;0;0;0;0;0;0;0;0;0;0;0;0
118;117;-1.7196;16.3351;0.10435;11.765;12.716;13.667;14.84;16.335;18.326;21.154;25.605;30.055;-1.4859;16.4746;0.12188;11.224;12.302;13.38;14.729;16.475;18.846;22.298;27.918;33.538;0;0;0;0;0;0;0;0;0;0;0;0;0;0;0;0;0;0;0;0;0;0
119;118;-1.7271;16.3704;0.10478;11.781;12.735;13.689;14.867;16.37;18.376;21.234;25.758;30.282;-1.4864;16.52;0.12228;11.244;12.327;13.41;14.764;16.52;18.907;22.388;28.071;33.755;0;0;0;0;0;0;0;0;0;0;0;0;0;0;0;0;0;0;0;0;0;0
120;119;-1.7341;16.4065;0.10522;11.798;12.755;13.712;14.895;16.406;18.428;21.317;25.915;30.513;-1.4866;16.5663;0.12268;11.265;12.352;13.439;14.801;16.566;18.969;22.479;28.226;33.972;0;0;0;0;0;0;0;0;0;0;0;0;0;0;0;0;0;0;0;0;0;0
121;120;-1.7407;16.4433;0.10566;11.815;12.775;13.735;14.923;16.443;18.48;21.4;26.073;30.746;-1.4864;16.6133;0.12307;11.285;12.378;13.47;14.838;16.613;19.032;22.57;28.378;34.185;0;0;0;0;0;0;0;0;0;0;0;0;0;0;0;0;0;0;0;0;0;0
122;121;-1.7468;16.4807;0.10609;11.832;12.796;13.759;14.952;16.481;18.532;21.483;26.231;30.979;-1.4859;16.6612;0.12346;11.307;12.404;13.501;14.876;16.661;19.096;22.663;28.531;34.399;0;0;0;0;0;0;0;0;0;0;0;0;0;0;0;0;0;0;0;0;0;0
123;122;-1.7525;16.5189;0.10652;11.85;12.817;13.784;14.982;16.519;18.586;21.568;26.391;31.213;-1.4851;16.71;0.12384;11.328;12.43;13.533;14.914;16.71;19.161;22.755;28.683;34.61;0;0;0;0;0;0;0;0;0;0;0;0;0;0;0;0;0;0;0;0;0;0
124;123;-1.7578;16.5578;0.10695;11.868;12.838;13.808;15.012;16.558;18.64;21.653;26.552;31.45;-1.4839;16.7595;0.12422;11.35;12.458;13.565;14.954;16.76;19.226;22.849;28.834;34.82;0;0;0;0;0;0;0;0;0;0;0;0;0;0;0;0;0;0;0;0;0;0
125;124;-1.7626;16.5974;0.10738;11.886;12.86;13.834;15.043;16.597;18.696;21.739;26.714;31.688;-1.4825;16.81;0.1246;11.373;12.485;13.598;14.994;16.81;19.293;22.943;28.987;35.031;0;0;0;0;0;0;0;0;0;0;0;0;0;0;0;0;0;0;0;0;0;0
126;125;-1.767;16.6376;0.1078;11.905;12.882;13.86;15.074;16.638;18.751;21.826;26.875;31.925;-1.4807;16.8614;0.12497;11.396;12.514;13.631;15.035;16.861;19.36;23.038;29.138;35.238;0;0;0;0;0;0;0;0;0;0;0;0;0;0;0;0;0;0;0;0;0;0
127;126;-1.771;16.6786;0.10823;11.924;12.905;13.886;15.106;16.679;18.808;21.914;27.04;32.166;-1.4787;16.9136;0.12534;11.419;12.542;13.666;15.076;16.914;19.429;23.134;29.29;35.445;0;0;0;0;0;0;0;0;0;0;0;0;0;0;0;0;0;0;0;0;0;0
128;127;-1.7745;16.7203;0.10865;11.943;12.928;13.913;15.139;16.72;18.865;22.002;27.204;32.405;-1.4763;16.9667;0.12571;11.443;12.572;13.7;15.119;16.967;19.498;23.231;29.441;35.651;0;0;0;0;0;0;0;0;0;0;0;0;0;0;0;0;0;0;0;0;0;0
129;128;-1.7777;16.7628;0.10906;11.964;12.952;13.941;15.172;16.763;18.923;22.09;27.367;32.643;-1.4737;17.0208;0.12607;11.467;12.602;13.736;15.162;17.021;19.568;23.328;29.591;35.854;0;0;0;0;0;0;0;0;0;0;0;0;0;0;0;0;0;0;0;0;0;0
130;129;-1.7804;16.8059;0.10948;11.984;12.976;13.969;15.206;16.806;18.982;22.18;27.533;32.885;-1.4708;17.0757;0.12643;11.492;12.632;13.772;15.206;17.076;19.639;23.426;29.742;36.057;0;0;0;0;0;0;0;0;0;0;0;0;0;0;0;0;0;0;0;0;0;0
131;130;-1.7828;16.8497;0.10989;12.004;13.001;13.998;15.241;16.85;19.042;22.271;27.698;33.125;-1.4677;17.1316;0.12678;11.517;12.663;13.81;15.251;17.132;19.712;23.525;29.891;36.257;0;0;0;0;0;0;0;0;0;0;0;0;0;0;0;0;0;0;0;0;0;0
132;131;-1.7847;16.8941;0.1103;12.025;13.026;14.027;15.276;16.894;19.102;22.362;27.863;33.365;-1.4642;17.1883;0.12713;11.543;12.695;13.847;15.297;17.188;19.785;23.624;30.039;36.454;0;0;0;0;0;0;0;0;0;0;0;0;0;0;0;0;0;0;0;0;0;0
133;132;-1.7862;16.9392;0.1107;12.046;13.051;14.056;15.312;16.939;19.163;22.452;28.027;33.602;-1.4606;17.2459;0.12748;11.569;12.727;13.885;15.343;17.246;19.859;23.725;30.189;36.653;0;0;0;0;0;0;0;0;0;0;0;0;0;0;0;0;0;0;0;0;0;0
134;133;-1.7873;16.985;0.1111;12.068;13.077;14.087;15.348;16.985;19.224;22.544;28.192;33.839;-1.4567;17.3044;0.12782;11.595;12.76;13.925;15.39;17.304;19.933;23.825;30.336;36.847;0;0;0;0;0;0;0;0;0;0;0;0;0;0;0;0;0;0;0;0;0;0
135;134;-1.7881;17.0314;0.1115;12.09;13.103;14.117;15.385;17.031;19.287;22.637;28.357;34.077;-1.4526;17.3637;0.12816;11.622;12.793;13.964;15.438;17.364;20.009;23.927;30.484;37.042;0;0;0;0;0;0;0;0;0;0;0;0;0;0;0;0;0;0;0;0;0;0
136;135;-1.7884;17.0784;0.11189;12.112;13.13;14.148;15.422;17.078;19.349;22.729;28.52;34.311;-1.4482;17.4238;0.12849;11.65;12.827;14.004;15.487;17.424;20.086;24.029;30.63;37.231;0;0;0;0;0;0;0;0;0;0;0;0;0;0;0;0;0;0;0;0;0;0
137;136;-1.7884;17.1262;0.11228;12.134;13.157;14.18;15.461;17.126;19.413;22.822;28.684;34.545;-1.4436;17.4847;0.12882;11.677;12.861;14.045;15.536;17.485;20.163;24.131;30.776;37.42;0;0;0;0;0;0;0;0;0;0;0;0;0;0;0;0;0;0;0;0;0;0
138;137;-1.788;17.1746;0.11266;12.157;13.185;14.212;15.499;17.175;19.477;22.915;28.846;34.776;-1.4389;17.5464;0.12914;11.706;12.896;14.087;15.586;17.546;20.241;24.234;30.92;37.606;0;0;0;0;0;0;0;0;0;0;0;0;0;0;0;0;0;0;0;0;0;0
139;138;-1.7873;17.2236;0.11304;12.181;13.213;14.245;15.539;17.224;19.542;23.009;29.008;35.006;-1.4339;17.6088;0.12946;11.734;12.931;14.129;15.637;17.609;20.32;24.338;31.064;37.79;0;0;0;0;0;0;0;0;0;0;0;0;0;0;0;0;0;0;0;0;0;0
140;139;-1.7861;17.2734;0.11342;12.204;13.241;14.278;15.578;17.273;19.607;23.104;29.169;35.235;-1.4288;17.6719;0.12978;11.763;12.967;14.171;15.688;17.672;20.4;24.442;31.209;37.975;0;0;0;0;0;0;0;0;0;0;0;0;0;0;0;0;0;0;0;0;0;0
141;140;-1.7846;17.324;0.11379;12.228;13.27;14.312;15.619;17.324;19.674;23.199;29.329;35.46;-1.4235;17.7357;0.13009;11.792;13.003;14.214;15.74;17.736;20.48;24.546;31.351;38.155;0;0;0;0;0;0;0;0;0;0;0;0;0;0;0;0;0;0;0;0;0;0
142;141;-1.7828;17.3752;0.11415;12.253;13.3;14.347;15.66;17.375;19.741;23.293;29.487;35.681;-1.418;17.8001;0.1304;11.822;13.04;14.258;15.793;17.8;20.561;24.651;31.493;38.335;0;0;0;0;0;0;0;0;0;0;0;0;0;0;0;0;0;0;0;0;0;0
143;142;-1.7806;17.4272;0.11451;12.278;13.33;14.382;15.702;17.427;19.808;23.389;29.645;35.901;-1.4123;17.8651;0.1307;11.852;13.077;14.302;15.846;17.865;20.642;24.756;31.633;38.509;0;0;0;0;0;0;0;0;0;0;0;0;0;0;0;0;0;0;0;0;0;0
144;143;-1.778;17.4799;0.11487;12.303;13.36;14.417;15.745;17.48;19.877;23.485;29.802;36.119;-1.4065;17.9306;0.13099;11.882;13.114;14.346;15.899;17.931;20.724;24.861;31.77;38.68;0;0;0;0;0;0;0;0;0;0;0;0;0;0;0;0;0;0;0;0;0;0
145;144;-1.7751;17.5334;0.11522;12.328;13.391;14.453;15.788;17.533;19.946;23.581;29.957;36.333;-1.4006;17.9966;0.13129;11.912;13.151;14.391;15.953;17.997;20.806;24.967;31.91;38.854;0;0;0;0;0;0;0;0;0;0;0;0;0;0;0;0;0;0;0;0;0;0
146;145;-1.7719;17.5877;0.11556;12.355;13.422;14.49;15.833;17.588;20.015;23.677;30.11;36.542;-1.3945;18.063;0.13158;11.942;13.189;14.436;16.008;18.063;20.889;25.072;32.047;39.023;0;0;0;0;0;0;0;0;0;0;0;0;0;0;0;0;0;0;0;0;0;0
147;146;-1.7684;17.6427;0.1159;12.381;13.454;14.528;15.877;17.643;20.086;23.774;30.262;36.75;-1.3883;18.1297;0.13186;11.973;13.227;14.481;16.062;18.13;20.972;25.177;32.182;39.187;0;0;0;0;0;0;0;0;0;0;0;0;0;0;0;0;0;0;0;0;0;0
148;147;-1.7645;17.6985;0.11623;12.408;13.487;14.566;15.923;17.698;20.157;23.871;30.412;36.952;-1.3819;18.1967;0.13214;12.003;13.265;14.526;16.117;18.197;21.055;25.282;32.316;39.35;0;0;0;0;0;0;0;0;0;0;0;0;0;0;0;0;0;0;0;0;0;0
149;148;-1.7604;17.7551;0.11656;12.436;13.52;14.605;15.969;17.755;20.229;23.969;30.561;37.154;-1.3755;18.2639;0.13241;12.034;13.303;14.572;16.172;18.264;21.138;25.387;32.448;39.509;0;0;0;0;0;0;0;0;0;0;0;0;0;0;0;0;0;0;0;0;0;0
150;149;-1.7559;17.8124;0.11688;12.464;13.554;14.644;16.016;17.812;20.302;24.067;30.708;37.349;-1.3689;18.3312;0.13268;12.065;13.341;14.618;16.227;18.331;21.222;25.491;32.579;39.666;0;0;0;0;0;0;0;0;0;0;0;0;0;0;0;0;0;0;0;0;0;0
151;150;-1.7511;17.8704;0.1172;12.492;13.588;14.684;16.063;17.87;20.375;24.165;30.854;37.543;-1.3621;18.3986;0.13295;12.095;13.379;14.663;16.282;18.399;21.305;25.596;32.708;39.82;0;0;0;0;0;0;0;0;0;0;0;0;0;0;0;0;0;0;0;0;0;0
152;151;-1.7461;17.9292;0.11751;12.52;13.622;14.724;16.112;17.929;20.449;24.263;30.998;37.732;-1.3553;18.466;0.13321;12.126;13.418;14.709;16.338;18.466;21.388;25.699;32.835;39.97;0;0;0;0;0;0;0;0;0;0;0;0;0;0;0;0;0;0;0;0;0;0
153;152;-1.7408;17.9887;0.11781;12.55;13.658;14.766;16.161;17.989;20.524;24.362;31.138;37.915;-1.3483;18.5333;0.13347;12.156;13.456;14.755;16.393;18.533;21.471;25.802;32.96;40.118;0;0;0;0;0;0;0;0;0;0;0;0;0;0;0;0;0;0;0;0;0;0
154;153;-1.7352;18.0488;0.11811;12.579;13.693;14.807;16.21;18.049;20.599;24.46;31.278;38.096;-1.3413;18.6006;0.13372;12.187;13.494;14.8;16.448;18.601;21.554;25.905;33.083;40.261;0;0;0;0;0;0;0;0;0;0;0;0;0;0;0;0;0;0;0;0;0;0
155;154;-1.7293;18.1096;0.11841;12.609;13.729;14.849;16.26;18.11;20.675;24.559;31.417;38.275;-1.3341;18.6677;0.13397;12.217;13.531;14.846;16.503;18.668;21.637;26.007;33.204;40.402;0;0;0;0;0;0;0;0;0;0;0;0;0;0;0;0;0;0;0;0;0;0
156;155;-1.7232;18.171;0.11869;12.639;13.766;14.892;16.311;18.171;20.751;24.658;31.551;38.444;-1.3269;18.7346;0.13421;12.247;13.569;14.891;16.558;18.735;21.719;26.107;33.322;40.538;0;0;0;0;0;0;0;0;0;0;0;0;0;0;0;0;0;0;0;0;0;0
157;156;-1.7168;18.233;0.11898;12.669;13.802;14.935;16.362;18.233;20.829;24.757;31.686;38.616;-1.3195;18.8012;0.13445;12.276;13.606;14.936;16.612;18.801;21.8;26.207;33.439;40.67;0;0;0;0;0;0;0;0;0;0;0;0;0;0;0;0;0;0;0;0;0;0
158;157;-1.7102;18.2955;0.11925;12.7;13.839;14.979;16.414;18.296;20.906;24.856;31.816;38.777;-1.3121;18.8675;0.13469;12.305;13.643;14.981;16.667;18.868;21.882;26.307;33.554;40.802;0;0;0;0;0;0;0;0;0;0;0;0;0;0;0;0;0;0;0;0;0;0
159;158;-1.7033;18.3586;0.11952;12.731;13.877;15.023;16.466;18.359;20.984;24.954;31.945;38.936;-1.3046;18.9335;0.13492;12.335;13.68;15.025;16.721;18.934;21.962;26.405;33.666;40.928;0;0;0;0;0;0;0;0;0;0;0;0;0;0;0;0;0;0;0;0;0;0
160;159;-1.6962;18.4221;0.11979;12.762;13.915;15.067;16.519;18.422;21.062;25.053;32.073;39.093;-1.297;18.9991;0.13514;12.364;13.717;15.07;16.775;18.999;22.042;26.501;33.775;41.048;0;0;0;0;0;0;0;0;0;0;0;0;0;0;0;0;0;0;0;0;0;0
161;160;-1.6888;18.486;0.12005;12.794;13.953;15.112;16.572;18.486;21.14;25.152;32.197;39.243;-1.2894;19.0642;0.13537;12.392;13.753;15.113;16.828;19.064;22.122;26.598;33.884;41.171;0;0;0;0;0;0;0;0;0;0;0;0;0;0;0;0;0;0;0;0;0;0
162;161;-1.6811;18.5502;0.1203;12.825;13.991;15.157;16.625;18.55;21.219;25.249;32.317;39.385;-1.2816;19.1289;0.13559;12.42;13.788;15.157;16.881;19.129;22.201;26.693;33.989;41.286;0;0;0;0;0;0;0;0;0;0;0;0;0;0;0;0;0;0;0;0;0;0
163;162;-1.6732;18.6148;0.12055;12.857;14.029;15.202;16.679;18.615;21.298;25.347;32.436;39.525;-1.2739;19.1931;0.1358;12.447;13.824;15.2;16.934;19.193;22.279;26.786;34.092;41.397;0;0;0;0;0;0;0;0;0;0;0;0;0;0;0;0;0;0;0;0;0;0
164;163;-1.6651;18.6795;0.12079;12.889;14.068;15.247;16.733;18.68;21.376;25.444;32.551;39.659;-1.2661;19.2567;0.13601;12.475;13.859;15.243;16.986;19.257;22.357;26.879;34.192;41.506;0;0;0;0;0;0;0;0;0;0;0;0;0;0;0;0;0;0;0;0;0;0
165;164;-1.6568;18.7445;0.12102;12.921;14.107;15.293;16.787;18.744;21.455;25.54;32.663;39.786;-1.2583;19.3197;0.13622;12.501;13.893;15.285;17.037;19.32;22.433;26.97;34.292;41.614;0;0;0;0;0;0;0;0;0;0;0;0;0;0;0;0;0;0;0;0;0;0
166;165;-1.6482;18.8095;0.12125;12.952;14.145;15.338;16.841;18.81;21.534;25.635;32.772;39.909;-1.2504;19.382;0.13642;12.528;13.927;15.327;17.088;19.382;22.509;27.06;34.387;41.714;0;0;0;0;0;0;0;0;0;0;0;0;0;0;0;0;0;0;0;0;0;0
167;166;-1.6394;18.8746;0.12148;12.984;14.184;15.384;16.895;18.875;21.613;25.731;32.88;40.03;-1.2425;19.4437;0.13662;12.554;13.961;15.368;17.139;19.444;22.584;27.149;34.481;41.814;0;0;0;0;0;0;0;0;0;0;0;0;0;0;0;0;0;0;0;0;0;0
168;167;-1.6304;18.9398;0.1217;13.015;14.222;15.429;16.95;18.94;21.691;25.825;32.985;40.144;-1.2345;19.5045;0.13681;12.579;13.994;15.408;17.188;19.504;22.658;27.235;34.571;41.907;0;0;0;0;0;0;0;0;0;0;0;0;0;0;0;0;0;0;0;0;0;0
169;168;-1.6211;19.005;0.12191;13.047;14.261;15.475;17.004;19.005;21.77;25.918;33.084;40.25;-1.2266;19.5647;0.137;12.604;14.026;15.448;17.238;19.565;22.731;27.321;34.66;41.999;0;0;0;0;0;0;0;0;0;0;0;0;0;0;0;0;0;0;0;0;0;0
170;169;-1.6116;19.0701;0.12212;13.078;14.299;15.521;17.058;19.07;21.848;26.011;33.182;40.353;-1.2186;19.624;0.13719;12.628;14.058;15.488;17.286;19.624;22.803;27.406;34.747;42.088;0;0;0;0;0;0;0;0;0;0;0;0;0;0;0;0;0;0;0;0;0;0
171;170;-1.602;19.1351;0.12233;13.109;14.337;15.566;17.113;19.135;21.926;26.103;33.279;40.454;-1.2107;19.6824;0.13738;12.652;14.089;15.526;17.334;19.682;22.874;27.489;34.833;42.176;0;0;0;0;0;0;0;0;0;0;0;0;0;0;0;0;0;0;0;0;0;0
172;171;-1.5921;19.2;0.12253;13.139;14.375;15.611;17.167;19.2;22.004;26.194;33.371;40.547;-1.2027;19.74;0.13756;12.675;14.119;15.564;17.38;19.74;22.943;27.57;34.914;42.258;0;0;0;0;0;0;0;0;0;0;0;0;0;0;0;0;0;0;0;0;0;0
173;172;-1.5821;19.2648;0.12272;13.17;14.414;15.657;17.221;19.265;22.081;26.284;33.459;40.634;-1.1947;19.7966;0.13774;12.697;14.149;15.601;17.427;19.797;23.012;27.65;34.994;42.338;0;0;0;0;0;0;0;0;0;0;0;0;0;0;0;0;0;0;0;0;0;0
174;173;-1.5719;19.3294;0.12291;13.201;14.451;15.702;17.275;19.329;22.158;26.373;33.546;40.718;-1.1867;19.8523;0.13791;12.719;14.179;15.638;17.472;19.852;23.079;27.727;35.07;42.412;0;0;0;0;0;0;0;0;0;0;0;0;0;0;0;0;0;0;0;0;0;0
175;174;-1.5615;19.3937;0.1231;13.231;14.489;15.747;17.329;19.394;22.235;26.462;33.631;40.8;-1.1788;19.907;0.13808;12.74;14.207;15.674;17.516;19.907;23.145;27.804;35.145;42.485;0;0;0;0;0;0;0;0;0;0;0;0;0;0;0;0;0;0;0;0;0;0
176;175;-1.551;19.4578;0.12328;13.261;14.526;15.791;17.382;19.458;22.311;26.549;33.712;40.875;-1.1708;19.9607;0.13825;12.761;14.235;15.709;17.56;19.961;23.21;27.879;35.217;42.555;0;0;0;0;0;0;0;0;0;0;0;0;0;0;0;0;0;0;0;0;0;0
177;176;-1.5403;19.5217;0.12346;13.29;14.563;15.836;17.435;19.522;22.387;26.635;33.791;40.948;-1.1629;20.0133;0.13841;12.781;14.262;15.743;17.603;20.013;23.273;27.951;35.286;42.621;0;0;0;0;0;0;0;0;0;0;0;0;0;0;0;0;0;0;0;0;0;0
178;177;-1.5294;19.5853;0.12363;13.319;14.6;15.88;17.489;19.585;22.462;26.72;33.866;41.013;-1.1549;20.0648;0.13858;12.8;14.288;15.776;17.644;20.065;23.336;28.023;35.354;42.685;0;0;0;0;0;0;0;0;0;0;0;0;0;0;0;0;0;0;0;0;0;0
179;178;-1.5185;19.6486;0.1238;13.348;14.636;15.924;17.541;19.649;22.537;26.804;33.941;41.078;-1.147;20.1152;0.13873;12.819;14.314;15.809;17.685;20.115;23.396;28.091;35.417;42.743;0;0;0;0;0;0;0;0;0;0;0;0;0;0;0;0;0;0;0;0;0;0
180;179;-1.5074;19.7117;0.12396;13.377;14.672;15.968;17.594;19.712;22.611;26.887;34.012;41.137;-1.139;20.1644;0.13889;12.836;14.338;15.841;17.725;20.164;23.456;28.159;35.479;42.8;0;0;0;0;0;0;0;0;0;0;0;0;0;0;0;0;0;0;0;0;0;0
181;180;-1.4961;19.7744;0.12412;13.405;14.708;16.011;17.647;19.774;22.685;26.969;34.081;41.192;-1.1311;20.2125;0.13904;12.853;14.362;15.871;17.764;20.212;23.514;28.224;35.538;42.852;0;0;0;0;0;0;0;0;0;0;0;0;0;0;0;0;0;0;0;0;0;0
182;181;-1.4848;19.8367;0.12428;13.433;14.744;16.054;17.699;19.837;22.758;27.051;34.149;41.247;-1.1232;20.2595;0.1392;12.869;14.385;15.901;17.802;20.26;23.57;28.289;35.597;42.905;0;0;0;0;0;0;0;0;0;0;0;0;0;0;0;0;0;0;0;0;0;0
183;182;-1.4733;19.8987;0.12443;13.461;14.779;16.097;17.75;19.899;22.831;27.13;34.213;41.295;-1.1153;20.3053;0.13934;12.885;14.408;15.93;17.839;20.305;23.625;28.35;35.65;42.95;0;0;0;0;0;0;0;0;0;0;0;0;0;0;0;0;0;0;0;0;0;0
184;183;-1.4617;19.9603;0.12458;13.488;14.814;16.14;17.802;19.96;22.903;27.21;34.275;41.341;-1.1074;20.3499;0.13949;12.9;14.429;15.958;17.874;20.35;23.679;28.411;35.703;42.995;0;0;0;0;0;0;0;0;0;0;0;0;0;0;0;0;0;0;0;0;0;0
185;184;-1.45;20.0215;0.12473;13.515;14.848;16.182;17.853;20.022;22.975;27.288;34.337;41.386;-1.0996;20.3934;0.13963;12.914;14.45;15.985;17.909;20.393;23.731;28.469;35.752;43.036;0;0;0;0;0;0;0;0;0;0;0;0;0;0;0;0;0;0;0;0;0;0
186;185;-1.4382;20.0823;0.12487;13.541;14.882;16.224;17.904;20.082;23.046;27.365;34.395;41.425;-1.0917;20.4357;0.13977;12.927;14.469;16.012;17.943;20.436;23.782;28.525;35.799;43.073;0;0;0;0;0;0;0;0;0;0;0;0;0;0;0;0;0;0;0;0;0;0
187;186;-1.4263;20.1427;0.12501;13.567;14.916;16.265;17.954;20.143;23.116;27.441;34.452;41.462;-1.0838;20.4769;0.13991;12.94;14.488;16.037;17.976;20.477;23.832;28.58;35.844;43.108;0;0;0;0;0;0;0;0;0;0;0;0;0;0;0;0;0;0;0;0;0;0
188;187;-1.4143;20.2026;0.12514;13.593;14.95;16.306;18.004;20.203;23.186;27.515;34.505;41.495;-1.076;20.517;0.14005;12.952;14.507;16.062;18.008;20.517;23.88;28.634;35.887;43.141;0;0;0;0;0;0;0;0;0;0;0;0;0;0;0;0;0;0;0;0;0;0
189;188;-1.4022;20.2621;0.12528;13.618;14.982;16.347;18.053;20.262;23.255;27.59;34.559;41.529;-1.0681;20.556;0.14018;12.963;14.524;16.085;18.039;20.556;23.927;28.684;35.927;43.169;0;0;0;0;0;0;0;0;0;0;0;0;0;0;0;0;0;0;0;0;0;0
190;189;-1.39;20.3211;0.12541;13.643;15.015;16.387;18.103;20.321;23.324;27.662;34.61;41.558;-1.0603;20.5938;0.14031;12.973;14.541;16.108;18.069;20.594;23.972;28.734;35.964;43.195;0;0;0;0;0;0;0;0;0;0;0;0;0;0;0;0;0;0;0;0;0;0
191;190;-1.3777;20.3796;0.12554;13.667;15.047;16.427;18.151;20.38;23.391;27.734;34.66;41.585;-1.0525;20.6306;0.14044;12.983;14.557;16.13;18.098;20.631;24.017;28.782;36;43.219;0;0;0;0;0;0;0;0;0;0;0;0;0;0;0;0;0;0;0;0;0;0
192;191;-1.3653;20.4376;0.12567;13.69;15.078;16.466;18.199;20.438;23.459;27.805;34.708;41.611;-1.0447;20.6663;0.14057;12.992;14.572;16.151;18.126;20.666;24.06;28.828;36.034;43.241;0;0;0;0;0;0;0;0;0;0;0;0;0;0;0;0;0;0;0;0;0;0
193;192;-1.3529;20.4951;0.12579;13.714;15.109;16.505;18.247;20.495;23.525;27.875;34.754;41.632;-1.0368;20.7008;0.1407;13;14.586;16.172;18.153;20.701;24.101;28.873;36.066;43.259;0;0;0;0;0;0;0;0;0;0;0;0;0;0;0;0;0;0;0;0;0;0
194;193;-1.3403;20.5521;0.12591;13.736;15.14;16.543;18.295;20.552;23.591;27.943;34.797;41.651;-1.029;20.7344;0.14082;13.008;14.6;16.191;18.179;20.734;24.141;28.915;36.094;43.274;0;0;0;0;0;0;0;0;0;0;0;0;0;0;0;0;0;0;0;0;0;0
195;194;-1.3277;20.6085;0.12603;13.759;15.17;16.581;18.342;20.608;23.656;28.011;34.84;41.67;-1.0212;20.7668;0.14094;13.015;14.613;16.21;18.205;20.767;24.18;28.956;36.121;43.286;0;0;0;0;0;0;0;0;0;0;0;0;0;0;0;0;0;0;0;0;0;0
196;195;-1.3149;20.6644;0.12615;13.78;15.199;16.619;18.388;20.664;23.721;28.078;34.881;41.685;-1.0134;20.7982;0.14106;13.022;14.625;16.228;18.229;20.798;24.218;28.996;36.146;43.296;0;0;0;0;0;0;0;0;0;0;0;0;0;0;0;0;0;0;0;0;0;0
197;196;-1.3021;20.7197;0.12627;13.801;15.228;16.656;18.434;20.72;23.785;28.143;34.922;41.7;-1.0055;20.8286;0.14118;13.027;14.636;16.245;18.253;20.829;24.254;29.034;36.169;43.304;0;0;0;0;0;0;0;0;0;0;0;0;0;0;0;0;0;0;0;0;0;0
198;197;-1.2892;20.7745;0.12638;13.822;15.257;16.692;18.479;20.774;23.847;28.207;34.959;41.711;-0.9977;20.858;0.1413;13.032;14.647;16.261;18.275;20.858;24.29;29.07;36.19;43.31;0;0;0;0;0;0;0;0;0;0;0;0;0;0;0;0;0;0;0;0;0;0
199;198;-1.2762;20.8287;0.1265;13.842;15.285;16.728;18.524;20.829;23.91;28.271;34.997;41.723;-0.9898;20.8863;0.14142;13.036;14.656;16.277;18.297;20.886;24.324;29.105;36.209;43.313;0;0;0;0;0;0;0;0;0;0;0;0;0;0;0;0;0;0;0;0;0;0
200;199;-1.2631;20.8824;0.12661;13.861;15.312;16.763;18.568;20.882;23.972;28.334;35.032;41.73;-0.9819;20.9137;0.14153;13.04;14.666;16.291;18.318;20.914;24.356;29.138;36.225;43.312;0;0;0;0;0;0;0;0;0;0;0;0;0;0;0;0;0;0;0;0;0;0
201;200;-1.2499;20.9355;0.12672;13.88;15.339;16.798;18.612;20.936;24.032;28.395;35.066;41.736;-0.974;20.9401;0.14164;13.043;14.674;16.305;18.338;20.94;24.388;29.17;36.239;43.309;0;0;0;0;0;0;0;0;0;0;0;0;0;0;0;0;0;0;0;0;0;0
202;201;-1.2366;20.9881;0.12683;13.898;15.365;16.833;18.655;20.988;24.093;28.456;35.098;41.741;-0.9661;20.9656;0.14176;13.045;14.682;16.318;18.357;20.966;24.418;29.201;36.254;43.307;0;0;0;0;0;0;0;0;0;0;0;0;0;0;0;0;0;0;0;0;0;0
203;202;-1.2233;21.04;0.12694;13.916;15.391;16.867;18.698;21.04;24.152;28.515;35.13;41.744;-0.9582;20.9901;0.14187;13.047;14.689;16.331;18.376;20.99;24.448;29.23;36.265;43.3;0;0;0;0;0;0;0;0;0;0;0;0;0;0;0;0;0;0;0;0;0;0
204;203;-1.2098;21.0914;0.12704;13.933;15.417;16.9;18.741;21.091;24.211;28.573;35.158;41.743;-0.9503;21.0138;0.14198;13.048;14.695;16.343;18.393;21.014;24.476;29.257;36.275;43.292;0;0;0;0;0;0;0;0;0;0;0;0;0;0;0;0;0;0;0;0;0;0
205;204;-1.1962;21.1423;0.12715;13.95;15.441;16.933;18.782;21.142;24.269;28.63;35.187;41.743;-0.9423;21.0367;0.14208;13.049;14.701;16.354;18.411;21.037;24.503;29.283;36.281;43.279;0;0;0;0;0;0;0;0;0;0;0;0;0;0;0;0;0;0;0;0;0;0
206;205;-1.1826;21.1925;0.12726;13.965;15.465;16.965;18.823;21.192;24.327;28.687;35.215;41.743;-0.9344;21.0587;0.14219;13.049;14.707;16.365;18.427;21.059;24.53;29.308;36.288;43.268;0;0;0;0;0;0;0;0;0;0;0;0;0;0;0;0;0;0;0;0;0;0
207;206;-1.1688;21.2423;0.12736;13.981;15.489;16.997;18.864;21.242;24.383;28.742;35.24;41.737;-0.9264;21.0801;0.1423;13.048;14.711;16.375;18.443;21.08;24.555;29.333;36.293;43.254;0;0;0;0;0;0;0;0;0;0;0;0;0;0;0;0;0;0;0;0;0;0
208;207;-1.155;21.2914;0.12746;13.996;15.512;17.028;18.904;21.291;24.439;28.797;35.264;41.732;-0.9184;21.1007;0.1424;13.047;14.716;16.384;18.458;21.101;24.58;29.355;36.296;43.237;0;0;0;0;0;0;0;0;0;0;0;0;0;0;0;0;0;0;0;0;0;0
209;208;-1.141;21.34;0.12756;14.01;15.534;17.059;18.944;21.34;24.494;28.85;35.287;41.724;-0.9104;21.1206;0.1425;13.046;14.719;16.393;18.472;21.121;24.603;29.376;36.297;43.218;0;0;0;0;0;0;0;0;0;0;0;0;0;0;0;0;0;0;0;0;0;0
210;209;-1.127;21.388;0.12767;14.023;15.556;17.089;18.983;21.388;24.549;28.903;35.31;41.718;-0.9024;21.1399;0.14261;13.044;14.722;16.401;18.486;21.14;24.626;29.398;36.3;43.202;0;0;0;0;0;0;0;0;0;0;0;0;0;0;0;0;0;0;0;0;0;0
211;210;-1.1129;21.4354;0.12777;14.036;15.577;17.118;19.022;21.435;24.603;28.954;35.331;41.708;-0.8944;21.1586;0.14271;13.042;14.725;16.409;18.499;21.159;24.649;29.418;36.299;43.181;0;0;0;0;0;0;0;0;0;0;0;0;0;0;0;0;0;0;0;0;0;0
212;211;-1.0986;21.4822;0.12787;14.048;15.598;17.147;19.06;21.482;24.656;29.005;35.351;41.697;-0.8863;21.1768;0.14281;13.039;14.728;16.417;18.512;21.177;24.67;29.436;36.298;43.159;0;0;0;0;0;0;0;0;0;0;0;0;0;0;0;0;0;0;0;0;0;0
213;212;-1.0843;21.5285;0.12797;14.06;15.618;17.176;19.097;21.528;24.708;29.054;35.369;41.685;-0.8783;21.1944;0.14291;13.036;14.73;16.424;18.525;21.194;24.691;29.455;36.296;43.137;0;0;0;0;0;0;0;0;0;0;0;0;0;0;0;0;0;0;0;0;0;0
214;213;-1.0699;21.5742;0.12807;14.071;15.637;17.204;19.134;21.574;24.76;29.103;35.387;41.671;-0.8703;21.2116;0.14301;13.032;14.731;16.431;18.537;21.212;24.712;29.472;36.293;43.114;0;0;0;0;0;0;0;0;0;0;0;0;0;0;0;0;0;0;0;0;0;0
215;214;-1.0553;21.6193;0.12816;14.081;15.656;17.231;19.171;21.619;24.811;29.15;35.402;41.653;-0.8623;21.2282;0.14311;13.029;14.733;16.437;18.548;21.228;24.731;29.489;36.29;43.09;0;0;0;0;0;0;0;0;0;0;0;0;0;0;0;0;0;0;0;0;0;0
216;215;-1.0407;21.6638;0.12826;14.091;15.674;17.258;19.207;21.664;24.861;29.197;35.417;41.638;-0.8542;21.2444;0.1432;13.025;14.734;16.443;18.56;21.244;24.75;29.505;36.284;43.062;0;0;0;0;0;0;0;0;0;0;0;0;0;0;0;0;0;0;0;0;0;0
217;216;-1.026;21.7077;0.12836;14.1;15.692;17.284;19.242;21.708;24.911;29.243;35.432;41.621;-0.8462;21.2603;0.1433;13.02;14.734;16.448;18.571;21.26;24.769;29.52;36.279;43.038;0;0;0;0;0;0;0;0;0;0;0;0;0;0;0;0;0;0;0;0;0;0
218;217;-1.0112;21.751;0.12845;14.108;15.709;17.31;19.277;21.751;24.959;29.287;35.443;41.6;-0.8382;21.2757;0.1434;13.016;14.735;16.454;18.581;21.276;24.788;29.536;36.274;43.013;0;0;0;0;0;0;0;0;0;0;0;0;0;0;0;0;0;0;0;0;0;0
219;218;-0.9962;21.7937;0.12855;14.116;15.725;17.335;19.311;21.794;25.008;29.331;35.455;41.58;-0.8301;21.2908;0.14349;13.011;14.735;16.459;18.592;21.291;24.805;29.55;36.267;42.984;0;0;0;0;0;0;0;0;0;0;0;0;0;0;0;0;0;0;0;0;0;0
220;219;-0.9812;21.8358;0.12864;14.123;15.741;17.36;19.344;21.836;25.055;29.373;35.465;41.558;-0.8221;21.3055;0.14359;13.006;14.735;16.463;18.601;21.306;24.823;29.564;36.261;42.958;0;0;0;0;0;0;0;0;0;0;0;0;0;0;0;0;0;0;0;0;0;0
221;220;-0.9661;21.8773;0.12874;14.129;15.756;17.383;19.377;21.877;25.102;29.415;35.476;41.536;-0.814;21.32;0.14368;13;14.734;16.468;18.611;21.32;24.84;29.577;36.252;42.928;0;0;0;0;0;0;0;0;0;0;0;0;0;0;0;0;0;0;0;0;0;0
222;221;-0.9509;21.9182;0.12883;14.135;15.771;17.407;19.41;21.918;25.147;29.455;35.483;41.512;-0.806;21.3341;0.14377;12.995;14.734;16.473;18.621;21.334;24.856;29.589;36.244;42.899;0;0;0;0;0;0;0;0;0;0;0;0;0;0;0;0;0;0;0;0;0;0
223;222;-0.9356;21.9585;0.12893;14.14;15.784;17.429;19.442;21.958;25.193;29.496;35.492;41.488;-0.798;21.348;0.14386;12.989;14.733;16.477;18.63;21.348;24.873;29.602;36.235;42.869;0;0;0;0;0;0;0;0;0;0;0;0;0;0;0;0;0;0;0;0;0;0
224;223;-0.9202;21.9982;0.12902;14.144;15.798;17.452;19.473;21.998;25.237;29.534;35.498;41.461;-0.7899;21.3617;0.14396;12.983;14.732;16.48;18.639;21.362;24.889;29.614;36.228;42.841;0;0;0;0;0;0;0;0;0;0;0;0;0;0;0;0;0;0;0;0;0;0
225;224;-0.9048;22.0374;0.12911;14.148;15.811;17.473;19.504;22.037;25.281;29.572;35.503;41.434;-0.7819;21.3752;0.14405;12.977;14.731;16.484;18.648;21.375;24.905;29.626;36.219;42.812;0;0;0;0;0;0;0;0;0;0;0;0;0;0;0;0;0;0;0;0;0;0
226;225;-0.8892;22.076;0.1292;14.151;15.823;17.495;19.535;22.076;25.324;29.609;35.507;41.406;-0.7738;21.3884;0.14414;12.971;14.729;16.488;18.657;21.388;24.92;29.637;36.209;42.781;0;0;0;0;0;0;0;0;0;0;0;0;0;0;0;0;0;0;0;0;0;0
227;226;-0.8735;22.114;0.1293;14.153;15.834;17.515;19.564;22.114;25.366;29.646;35.512;41.378;-0.7658;21.4014;0.14423;12.964;14.728;16.491;18.665;21.401;24.935;29.649;36.2;42.751;0;0;0;0;0;0;0;0;0;0;0;0;0;0;0;0;0;0;0;0;0;0
228;227;-0.8578;22.1514;0.12939;14.155;15.845;17.535;19.594;22.151;25.408;29.681;35.515;41.348;-0.7577;21.4143;0.14432;12.958;14.726;16.494;18.673;21.414;24.951;29.659;36.19;42.72;0;0;0;0;0;0;0;0;0;0;0;0;0;0;0;0;0;0;0;0;0;0
229;228;-0.8419;22.1883;0.12948;14.156;15.855;17.554;19.622;22.188;25.449;29.716;35.516;41.317;-0.7496;21.4269;0.14441;12.951;14.724;16.497;18.681;21.427;24.965;29.67;36.179;42.689;0;0;0;0;0;0;0;0;0;0;0;0;0;0;0;0;0;0;0;0;0;0
